IFE,,
Linearization,wkh1494872136461.html,
PDPC,tbl1505162071544.html,
Demux,,Not documented 
HDR,vdb1509394626692.html,
BPCBCC,vyq1505162751314.html,
LSC,lww1494872318981.html,
ABF,vtx1503689759985.html,
WB,,Not documented 
Demosaic,vjk1500390199440.html,
GTM,,Not documented 
BPS,,
Linearization ,wkh1494872136461.html,
PDPC,tbl1505162071544.html,
Demux,,Not documented 
HDR,tvp1507561909654.html,
LSC,lww1494872318981.html,
GIC,sby1505410096129.html,
ABF,kzs1500489680222.html,
WB,,Not documented 
Demosaic ,vjk1500390199440.html,
GTM,,Not documented 
HNR,evb1500930652845.html,
IPE,,
ICA,,Not documented. Only partially written up in the CMS.
ANR,xbg1499463478394.html,
CAC,fbm1505237067293.html,
LTM,,Not documented
CC,rjm1494872145680.html,
Gamma,vhs1494872181295.html,
2DLut,omh1484261477961.html,
CV,,Not documented 
CS,,Not documented 
ASF,ovc1494872157022.html,
GRA,pek1510604703257.html,
,,
AEC,arm1495660890214.html,
AF,wgc1495661020287.html,
AWB,oos1501884619125.html,
